[
    {
        "year": "2015",
        "make": "Rolls-Royce",
        "model": "Ghost Series II"
    },
    {
        "year": "2015",
        "make": "Porsche",
        "model": "911"
    },
    {
        "year": "2015",
        "make": "BMW",
        "model": "M6"
    },
    {
        "year": "2016",
        "make": "Lamborghini",
        "model": "Huracan"
    },
    {
        "year": "2016",
        "make": "BMW",
        "model": "M3"
    },
    {
        "year": "2016",
        "make": "Audi",
        "model": "S5"
    },
    {
        "year": "2014",
        "make": "Jaguar",
        "model": "XK"
    },
    {
        "year": "2014",
        "make": "BMW",
        "model": "X4"
    },
    {
        "year": "2015",
        "make": "Bentley",
        "model": "Flying Spur"
    },
    {
        "year": "2015",
        "make": "Jeep",
        "model": "Wrangler"
    },
    {
        "year": "2015",
        "make": "Ford",
        "model": "Mustang"
    },
    {
        "year": "2014",
        "make": "Honda",
        "model": "Pilot"
    },
    {
        "year": "2014",
        "make": "BMW",
        "model": "Z4"
    },
    {
        "year": "2014",
        "make": "Audi",
        "model": "A4"
    },
    {
        "year": "2016",
        "make": "Jaguar",
        "model": "XJ"
    },
    {
        "year": "2015",
        "make": "Mazda",
        "model": "CX-5"
    }
]