[
    {
        "year": "Not Available",
        "make": "Not Available",
        "model": "Not Available",
        "origin": "Not Available",
        "bstyle": "Not Available",
        "excolor": "Not Available",
        "incolor": "Not Available",
        "eloc": "Not Available",
        "etype": "Not Available",
        "cylinder": "Not Available",
        "discc": "Not Available",
        "disl": "Not Available",
        "disci": "Not Available",
        "boremm": "Not Available",
        "borein": "Not Available",
        "strokemm": "Not Available",
        "strokein": "Not Available",
        "valvepercylinder": "Not Available",
        "valve": "Not Available",
        "powerhp": "Not Available",
        "powerps": "Not Available",
        "powerkw": "Not Available",
        "powerrpm": "Not Available",
        "torquenm": "Not Available",
        "torquelb": "Not Available",
        "torquekgf": "Not Available",
        "torquerpm": "Not Available",
        "ratio": "Not Available",
        "fueltype": "Not Available",
        "drive": "Not Available",
        "ttype": "Not Available",
        "speedkph": "Not Available",
        "speedmph": "Not Available",
        "speed": "Not Available",
        "doors": "Not Available4",
        "seats": "Not Available",
        "weightkg": "Not Available",
        "weightlbs": "Not Available",
        "lengthmm": "Not Available",
        "lengthin": "Not Available",
        "widthmm": "Not Available",
        "widthin": "Not Available",
        "heightmm": "Not Available",
        "heightin": "Not Available",
        "wheelbasemm": "Not Available",
        "wheelbasein": "Not Available",
        "fecitykm": "Not Available",
        "fecitympg": "Not Available",
        "fehwykm": "Not Available",
        "fehwympg": "Not Available",
        "femixedhm": "Not Available",
        "femixedmpg": "Not Available",
        "fcapacityl": "Not Available",
        "fcapacityg": "Not Available"
    },
    {
        "year": "2015",
        "make": "Rolls-Royce",
        "model": "Ghost Series II",
        "origin": "UK",
        "bstyle": "Large Cars",
        "excolor": "Metalic Blue",
        "incolor": "Leather",
        "eloc": "Not Available",
        "etype": "V",
        "cylinder": "12",
        "discc": "6600",
        "disl": "6.6",
        "disci": "403",
        "boremm": "Not Available",
        "borein": "Not Available",
        "strokemm": "Not Available",
        "strokein": "Not Available",
        "valvepercylinder": "4",
        "valve": "48",
        "powerhp": "555",
        "powerps": "563",
        "powerkw": "414",
        "powerrpm": "Not Available",
        "torquenm": "575",
        "torquelb": "424",
        "torquekgf": "59",
        "torquerpm": "Not Available",
        "ratio": "10",
        "fueltype": "Premium Unleaded(Required)",
        "drive": "Rear Wheel Drive",
        "ttype": "Automatic",
        "speedkph": "Not Available",
        "speedmph": "Not Available",
        "speed": "Not Available",
        "doors": "4",
        "seats": "Not Available",
        "weightkg": "5490",
        "weightlbs": "12103",
        "lengthmm": "Not Available",
        "lengthin": "Not Available",
        "widthmm": "Not Available",
        "widthin": "Not Available",
        "heightmm": "Not Available",
        "heightin": "Not Available",
        "wheelbasemm": "Not Available",
        "wheelbasein": "Not Available",
        "fecitykm": "13.0",
        "fecitympg": "18",
        "fehwykm": "21.0",
        "fehwympg": "11",
        "femixedhm": "15.0",
        "femixedmpg": "16",
        "fcapacityl": "22",
        "fcapacityg": "5.8"
    },
    {
        "year": "2015",
        "make": "Porsche",
        "model": "911",
        "origin": "Germany",
        "bstyle": "Mini Compact Cars",
        "excolor": "Auburn Metalic",
        "incolor": "Natural Brown",
        "eloc": "Not Available",
        "etype": "Flat",
        "cylinder": "6",
        "discc": "3800",
        "disl": "3.8",
        "disci": "232",
        "boremm": "Not Available",
        "borein": "Not Available",
        "strokemm": "Not Available",
        "strokein": "Not Available",
        "valvepercylinder": "4",
        "valve": "24",
        "powerhp": "395",
        "powerps": "400",
        "powerkw": "294",
        "powerrpm": "Not Available",
        "torquenm": "325",
        "torquelb": "240",
        "torquekgf": "33",
        "torquerpm": "Not Available",
        "ratio": "12.5",
        "fueltype": "Premium Unleaded(Required)",
        "drive": "Rear Wheel Drive",
        "ttype": "Automatic",
        "speedkph": "Not Available",
        "speedmph": "Not Available",
        "speed": "Not Available",
        "doors": "2",
        "seats": "Not Available",
        "weightkg": "3075",
        "weightlbs": "6779",
        "lengthmm": "Not Available",
        "lengthin": "Not Available",
        "widthmm": "Not Available",
        "widthin": "Not Available",
        "heightmm": "Not Available",
        "heightin": "Not Available",
        "wheelbasemm": "Not Available",
        "wheelbasein": "Not Available",
        "fecitykm": "19.0",
        "fecitympg": "12",
        "fehwykm": "27.0",
        "fehwympg": "9",
        "femixedhm": "22.0",
        "femixedmpg": "11",
        "fcapacityl": "17",
        "fcapacityg": "4.5"
    },
       {
        "year": "2015",
        "make": "BMW",
        "model": "M6",
        "origin": "Germany",
        "bstyle": "Subcompact Cars",
        "excolor": "White",
        "incolor": "Black",
        "eloc": "Not Available",
        "etype": "V",
        "cylinder": "8",
        "discc": "4400",
        "disl": "4.4",
        "disci": "269",
        "boremm": "Not Available",
        "borein": "Not Available",
        "strokemm": "Not Available",
        "strokein": "Not Available",
        "valvepercylinder": "4",
        "valve": "32",
        "powerhp": "552",
        "powerps": "560",
        "powerkw": "412",
        "powerrpm": "Not Available",
        "torquenm": "500",
        "torquelb": "369",
        "torquekgf": "51",
        "torquerpm": "Not Available",
        "ratio": "10",
        "fueltype": "Premium Unleaded(Required)",
        "drive": "Rear Wheel Drive",
        "ttype": "Antomated Manual",
        "speedkph": "Not Available",
        "speedmph": "Not Available",
        "speed": "Not Available",
        "doors": "2",
        "seats": "Not Available",
        "weightkg": "4255",
        "weightlbs": "9381",
        "lengthmm": "Not Available",
        "lengthin": "Not Available",
        "widthmm": "Not Available",
        "widthin": "Not Available",
        "heightmm": "Not Available",
        "heightin": "Not Available",
        "wheelbasemm": "Not Available",
        "wheelbasein": "Not Available",
        "fecitykm": "14.0",
        "fecitympg": "17",
        "fehwykm": "20.0",
        "fehwympg": "12",
        "femixedhm": "16.0",
        "femixedmpg": "15",
        "fcapacityl": "21",
        "fcapacityg": "5.5"
    },
    {
        "year": "2014",
        "make": "Jaguar",
        "model": "XK",
        "origin": "UK",
        "bstyle": "Mini Compact Cars",
        "excolor": "Italian Racing Red",
        "incolor": "Black",
        "eloc": "Not Available",
        "etype": "V",
        "cylinder": "8",
        "discc": "6600",
        "disl": "6.6",
        "disci": "403",
        "boremm": "Not Available",
        "borein": "Not Available",
        "strokemm": "Not Available",
        "strokein": "Not Available",
        "valvepercylinder": "4",
        "valve": "48",
        "powerhp": "555",
        "powerps": "563",
        "powerkw": "414",
        "powerrpm": "Not Available",
        "torquenm": "575",
        "torquelb": "424",
        "torquekgf": "59",
        "torquerpm": "Not Available",
        "ratio": "10",
        "fueltype": "Premium Unleaded(Required)",
        "drive": "Rear Wheel Drive",
        "ttype": "Automatic",
        "speedkph": "Not Available",
        "speedmph": "Not Available",
        "speed": "Not Available",
        "doors": "4",
        "seats": "Not Available",
        "weightkg": "5490",
        "weightlbs": "12103",
        "lengthmm": "Not Available",
        "lengthin": "Not Available",
        "widthmm": "Not Available",
        "widthin": "Not Available",
        "heightmm": "Not Available",
        "heightin": "Not Available",
        "wheelbasemm": "Not Available",
        "wheelbasein": "Not Available",
        "fecitykm": "13.0",
        "fecitympg": "18",
        "fehwykm": "21.0",
        "fehwympg": "11",
        "femixedhm": "15.0",
        "femixedmpg": "16",
        "fcapacityl": "22",
        "fcapacityg": "5.8"
    },
    {
        "year": "2014",
        "make": "BMW",
        "model": "X4",
        "origin": "Germany",
        "bstyle": "Sport Utility Vehicles",
        "excolor": "Metalic Dark Blue",
        "incolor": "Gray",
        "eloc": "Not Available",
        "etype": "Inline",
        "cylinder": "6",
        "discc": "3000",
        "disl": "6.6",
        "disci": "403",
        "boremm": "Not Available",
        "borein": "Not Available",
        "strokemm": "Not Available",
        "strokein": "Not Available",
        "valvepercylinder": "4",
        "valve": "48",
        "powerhp": "555",
        "powerps": "563",
        "powerkw": "414",
        "powerrpm": "Not Available",
        "torquenm": "575",
        "torquelb": "424",
        "torquekgf": "59",
        "torquerpm": "Not Available",
        "ratio": "10",
        "fueltype": "Premium Unleaded(Required)",
        "drive": "Rear Wheel Drive",
        "ttype": "Automatic",
        "speedkph": "Not Available",
        "speedmph": "Not Available",
        "speed": "Not Available",
        "doors": "4",
        "seats": "Not Available",
        "weightkg": "5490",
        "weightlbs": "12103",
        "lengthmm": "Not Available",
        "lengthin": "Not Available",
        "widthmm": "Not Available",
        "widthin": "Not Available",
        "heightmm": "Not Available",
        "heightin": "Not Available",
        "wheelbasemm": "Not Available",
        "wheelbasein": "Not Available",
        "fecitykm": "13.0",
        "fecitympg": "18",
        "fehwykm": "21.0",
        "fehwympg": "11",
        "femixedhm": "15.0",
        "femixedmpg": "16",
        "fcapacityl": "22",
        "fcapacityg": "5.8"
    },
       {
        "year": "2016",
        "make": "BMW",
        "model": "M3",
        "origin": "Germany",
        "bstyle": "Compact Cars",
        "excolor": "Red",
        "incolor": "Leather",
        "eloc": "Not Available",
        "etype": "Inline",
        "cylinder": "6",
        "discc": "3000",
        "disl": "3.0",
        "disci": "183",
        "boremm": "Not Available",
        "borein": "Not Available",
        "strokemm": "Not Available",
        "strokein": "Not Available",
        "valvepercylinder": "4",
        "valve": "32",
        "powerhp": "552",
        "powerps": "560",
        "powerkw": "412",
        "powerrpm": "Not Available",
        "torquenm": "500",
        "torquelb": "369",
        "torquekgf": "51",
        "torquerpm": "Not Available",
        "ratio": "10",
        "fueltype": "Premium Unleaded(Required)",
        "drive": "Rear Wheel Drive",
        "ttype": "Antomated Manual",
        "speedkph": "Not Available",
        "speedmph": "Not Available",
        "speed": "Not Available",
        "doors": "2",
        "seats": "Not Available",
        "weightkg": "4255",
        "weightlbs": "9381",
        "lengthmm": "Not Available",
        "lengthin": "Not Available",
        "widthmm": "Not Available",
        "widthin": "Not Available",
        "heightmm": "Not Available",
        "heightin": "Not Available",
        "wheelbasemm": "Not Available",
        "wheelbasein": "Not Available",
        "fecitykm": "14.0",
        "fecitympg": "17",
        "fehwykm": "20.0",
        "fehwympg": "12",
        "femixedhm": "16.0",
        "femixedmpg": "15",
        "fcapacityl": "21",
        "fcapacityg": "5.5"
    },    
    {
        "year": "2015",
        "make": "Bentley",
        "model": "Flying Spur",
        "origin": "UK",
        "bstyle": "Midsize Cars",
        "excolor": "Metalic Silver",
        "incolor": "Dark Gray",
        "eloc": "Not Available",
        "etype": "V",
        "cylinder": "8",
        "discc": "4000",
        "disl": "4.0",
        "disci": "244",
        "boremm": "Not Available",
        "borein": "Not Available",
        "strokemm": "Not Available",
        "strokein": "Not Available",
        "valvepercylinder": "4",
        "valve": "48",
        "powerhp": "555",
        "powerps": "563",
        "powerkw": "414",
        "powerrpm": "Not Available",
        "torquenm": "575",
        "torquelb": "424",
        "torquekgf": "59",
        "torquerpm": "Not Available",
        "ratio": "10",
        "fueltype": "Premium Unleaded(Required)",
        "drive": "Rear Wheel Drive",
        "ttype": "Automatic",
        "speedkph": "Not Available",
        "speedmph": "Not Available",
        "speed": "Not Available",
        "doors": "4",
        "seats": "Not Available",
        "weightkg": "5490",
        "weightlbs": "12103",
        "lengthmm": "Not Available",
        "lengthin": "Not Available",
        "widthmm": "Not Available",
        "widthin": "Not Available",
        "heightmm": "Not Available",
        "heightin": "Not Available",
        "wheelbasemm": "Not Available",
        "wheelbasein": "Not Available",
        "fecitykm": "13.0",
        "fecitympg": "18",
        "fehwykm": "21.0",
        "fehwympg": "11",
        "femixedhm": "15.0",
        "femixedmpg": "16",
        "fcapacityl": "22",
        "fcapacityg": "5.8"
    },
    {
        "year": "2015",
        "make": "Jeep",
        "model": "Wrangler",
        "origin": "USA",
        "bstyle": "Sport Utility Vehicles",
        "excolor": "White",
        "incolor": "Black",
        "eloc": "Not Available",
        "etype": "V",
        "cylinder": "6",
        "discc": "3600",
        "disl": "3.6",
        "disci": "220",
        "boremm": "Not Available",
        "borein": "Not Available",
        "strokemm": "Not Available",
        "strokein": "Not Available",
        "valvepercylinder": "4",
        "valve": "24",
        "powerhp": "395",
        "powerps": "400",
        "powerkw": "294",
        "powerrpm": "Not Available",
        "torquenm": "325",
        "torquelb": "240",
        "torquekgf": "33",
        "torquerpm": "Not Available",
        "ratio": "12.5",
        "fueltype": "Premium Unleaded(Required)",
        "drive": "Rear Wheel Drive",
        "ttype": "Automatic",
        "speedkph": "Not Available",
        "speedmph": "Not Available",
        "speed": "Not Available",
        "doors": "2",
        "seats": "Not Available",
        "weightkg": "3075",
        "weightlbs": "6779",
        "lengthmm": "Not Available",
        "lengthin": "Not Available",
        "widthmm": "Not Available",
        "widthin": "Not Available",
        "heightmm": "Not Available",
        "heightin": "Not Available",
        "wheelbasemm": "Not Available",
        "wheelbasein": "Not Available",
        "fecitykm": "19.0",
        "fecitympg": "12",
        "fehwykm": "27.0",
        "fehwympg": "9",
        "femixedhm": "22.0",
        "femixedmpg": "11",
        "fcapacityl": "17",
        "fcapacityg": "4.5"
    },
       {
        "year": "2016",
        "make": "Audi",
        "model": "S5",
        "origin": "Germany",
        "bstyle": "Subcompact Cars",
        "excolor": "Red",
        "incolor": "Black",
        "eloc": "Not Available",
        "etype": "V",
        "cylinder": "6",
        "discc": "3000",
        "disl": "3.0",
        "disci": "183",
        "boremm": "Not Available",
        "borein": "Not Available",
        "strokemm": "Not Available",
        "strokein": "Not Available",
        "valvepercylinder": "4",
        "valve": "32",
        "powerhp": "552",
        "powerps": "560",
        "powerkw": "412",
        "powerrpm": "Not Available",
        "torquenm": "500",
        "torquelb": "369",
        "torquekgf": "51",
        "torquerpm": "Not Available",
        "ratio": "10",
        "fueltype": "Premium Unleaded(Required)",
        "drive": "Rear Wheel Drive",
        "ttype": "Antomated Manual",
        "speedkph": "Not Available",
        "speedmph": "Not Available",
        "speed": "Not Available",
        "doors": "2",
        "seats": "Not Available",
        "weightkg": "4255",
        "weightlbs": "9381",
        "lengthmm": "Not Available",
        "lengthin": "Not Available",
        "widthmm": "Not Available",
        "widthin": "Not Available",
        "heightmm": "Not Available",
        "heightin": "Not Available",
        "wheelbasemm": "Not Available",
        "wheelbasein": "Not Available",
        "fecitykm": "14.0",
        "fecitympg": "17",
        "fehwykm": "20.0",
        "fehwympg": "12",
        "femixedhm": "16.0",
        "femixedmpg": "15",
        "fcapacityl": "21",
        "fcapacityg": "5.5"
    },
       {
        "year": "2016",
        "make": "Lamborghini",
        "model": "Huracan",
        "origin": "Italy",
        "bstyle": "Two Seaters",
        "excolor": "Spyder",
        "incolor": "Black",
        "eloc": "Not Available",
        "etype": "V",
        "cylinder": "10",
        "discc": "5200",
        "disl": "5.2",
        "disci": "317",
        "boremm": "Not Available",
        "borein": "Not Available",
        "strokemm": "Not Available",
        "strokein": "Not Available",
        "valvepercylinder": "4",
        "valve": "32",
        "powerhp": "552",
        "powerps": "560",
        "powerkw": "412",
        "powerrpm": "Not Available",
        "torquenm": "500",
        "torquelb": "369",
        "torquekgf": "51",
        "torquerpm": "Not Available",
        "ratio": "10",
        "fueltype": "Premium Unleaded(Required)",
        "drive": "Rear Wheel Drive",
        "ttype": "Antomated Manual",
        "speedkph": "Not Available",
        "speedmph": "Not Available",
        "speed": "Not Available",
        "doors": "2",
        "seats": "Not Available",
        "weightkg": "4255",
        "weightlbs": "9381",
        "lengthmm": "Not Available",
        "lengthin": "Not Available",
        "widthmm": "Not Available",
        "widthin": "Not Available",
        "heightmm": "Not Available",
        "heightin": "Not Available",
        "wheelbasemm": "Not Available",
        "wheelbasein": "Not Available",
        "fecitykm": "14.0",
        "fecitympg": "17",
        "fehwykm": "20.0",
        "fehwympg": "12",
        "femixedhm": "16.0",
        "femixedmpg": "15",
        "fcapacityl": "21",
        "fcapacityg": "5.5"
    },    
       {
        "year": "2014",
        "make": "BMW",
        "model": "Z3",
        "origin": "Germany",
        "bstyle": "Two Seater",
        "excolor": "Red",
        "incolor": "Black",
        "eloc": "Not Available",
        "etype": "Inline",
        "cylinder": "4",
        "discc": "2000",
        "disl": "2.0",
        "disci": "122",
        "boremm": "Not Available",
        "borein": "Not Available",
        "strokemm": "Not Available",
        "strokein": "Not Available",
        "valvepercylinder": "4",
        "valve": "32",
        "powerhp": "552",
        "powerps": "560",
        "powerkw": "412",
        "powerrpm": "Not Available",
        "torquenm": "500",
        "torquelb": "369",
        "torquekgf": "51",
        "torquerpm": "Not Available",
        "ratio": "10",
        "fueltype": "Premium Unleaded(Required)",
        "drive": "Rear Wheel Drive",
        "ttype": "Antomated Manual",
        "speedkph": "Not Available",
        "speedmph": "Not Available",
        "speed": "Not Available",
        "doors": "2",
        "seats": "Not Available",
        "weightkg": "4255",
        "weightlbs": "9381",
        "lengthmm": "Not Available",
        "lengthin": "Not Available",
        "widthmm": "Not Available",
        "widthin": "Not Available",
        "heightmm": "Not Available",
        "heightin": "Not Available",
        "wheelbasemm": "Not Available",
        "wheelbasein": "Not Available",
        "fecitykm": "14.0",
        "fecitympg": "17",
        "fehwykm": "20.0",
        "fehwympg": "12",
        "femixedhm": "16.0",
        "femixedmpg": "15",
        "fcapacityl": "21",
        "fcapacityg": "5.5"
    },    
    {
        "year": "2014",
        "make": "Honda",
        "model": "Pilot",
        "origin": "Japan",
        "bstyle": "Sport Utility Vehicles",
        "excolor": "Red",
        "incolor": "Dark Gray",
        "eloc": "Not Available",
        "etype": "V",
        "cylinder": "6",
        "discc": "3500",
        "disl": "3.5",
        "disci": "214",
        "boremm": "Not Available",
        "borein": "Not Available",
        "strokemm": "Not Available",
        "strokein": "Not Available",
        "valvepercylinder": "4",
        "valve": "48",
        "powerhp": "555",
        "powerps": "563",
        "powerkw": "414",
        "powerrpm": "Not Available",
        "torquenm": "575",
        "torquelb": "424",
        "torquekgf": "59",
        "torquerpm": "Not Available",
        "ratio": "10",
        "fueltype": "Premium Unleaded(Required)",
        "drive": "Rear Wheel Drive",
        "ttype": "Automatic",
        "speedkph": "Not Available",
        "speedmph": "Not Available",
        "speed": "Not Available",
        "doors": "4",
        "seats": "Not Available",
        "weightkg": "5490",
        "weightlbs": "12103",
        "lengthmm": "Not Available",
        "lengthin": "Not Available",
        "widthmm": "Not Available",
        "widthin": "Not Available",
        "heightmm": "Not Available",
        "heightin": "Not Available",
        "wheelbasemm": "Not Available",
        "wheelbasein": "Not Available",
        "fecitykm": "13.0",
        "fecitympg": "18",
        "fehwykm": "21.0",
        "fehwympg": "11",
        "femixedhm": "15.0",
        "femixedmpg": "16",
        "fcapacityl": "22",
        "fcapacityg": "5.8"
    },
    {
        "year": "2015",
        "make": "Ford",
        "model": "Mustang",
        "origin": "USA",
        "bstyle": "Subcompact Cars",
        "excolor": "Black",
        "incolor": "Black",
        "eloc": "Not Available",
        "etype": "Inline",
        "cylinder": "4",
        "discc": "2300",
        "disl": "2.3",
        "disci": "140",
        "boremm": "Not Available",
        "borein": "Not Available",
        "strokemm": "Not Available",
        "strokein": "Not Available",
        "valvepercylinder": "4",
        "valve": "24",
        "powerhp": "395",
        "powerps": "400",
        "powerkw": "294",
        "powerrpm": "Not Available",
        "torquenm": "325",
        "torquelb": "240",
        "torquekgf": "33",
        "torquerpm": "Not Available",
        "ratio": "12.5",
        "fueltype": "Premium Unleaded(Required)",
        "drive": "Rear Wheel Drive",
        "ttype": "Automatic",
        "speedkph": "Not Available",
        "speedmph": "Not Available",
        "speed": "Not Available",
        "doors": "2",
        "seats": "Not Available",
        "weightkg": "3075",
        "weightlbs": "6779",
        "lengthmm": "Not Available",
        "lengthin": "Not Available",
        "widthmm": "Not Available",
        "widthin": "Not Available",
        "heightmm": "Not Available",
        "heightin": "Not Available",
        "wheelbasemm": "Not Available",
        "wheelbasein": "Not Available",
        "fecitykm": "19.0",
        "fecitympg": "12",
        "fehwykm": "27.0",
        "fehwympg": "9",
        "femixedhm": "22.0",
        "femixedmpg": "11",
        "fcapacityl": "17",
        "fcapacityg": "4.5"
    },
       {
        "year": "2014",
        "make": "Audi",
        "model": "A4",
        "origin": "Germany",
        "bstyle": "Compact Cars",
        "excolor": "Jet Blue",
        "incolor": "Gray",
        "eloc": "Not Available",
        "etype": "Inline",
        "cylinder": "4",
        "discc": "2000",
        "disl": "2.0",
        "disci": "122",
        "boremm": "Not Available",
        "borein": "Not Available",
        "strokemm": "Not Available",
        "strokein": "Not Available",
        "valvepercylinder": "4",
        "valve": "32",
        "powerhp": "552",
        "powerps": "560",
        "powerkw": "412",
        "powerrpm": "Not Available",
        "torquenm": "500",
        "torquelb": "369",
        "torquekgf": "51",
        "torquerpm": "Not Available",
        "ratio": "10",
        "fueltype": "Premium Unleaded(Required)",
        "drive": "Rear Wheel Drive",
        "ttype": "Antomated Manual",
        "speedkph": "Not Available",
        "speedmph": "Not Available",
        "speed": "Not Available",
        "doors": "2",
        "seats": "Not Available",
        "weightkg": "4255",
        "weightlbs": "9381",
        "lengthmm": "Not Available",
        "lengthin": "Not Available",
        "widthmm": "Not Available",
        "widthin": "Not Available",
        "heightmm": "Not Available",
        "heightin": "Not Available",
        "wheelbasemm": "Not Available",
        "wheelbasein": "Not Available",
        "fecitykm": "14.0",
        "fecitympg": "17",
        "fehwykm": "20.0",
        "fehwympg": "12",
        "femixedhm": "16.0",
        "femixedmpg": "15",
        "fcapacityl": "21",
        "fcapacityg": "5.5"
    },
    {
        "year": "2016",
        "make": "Jaguar",
        "model": "XJ",
        "origin": "UK",
        "bstyle": "Large Cars",
        "excolor": "Metalic Green",
        "incolor": "Black",
        "eloc": "Not Available",
        "etype": "V",
        "cylinder": "6",
        "discc": "3000",
        "disl": "3.0",
        "disci": "183",
        "boremm": "Not Available",
        "borein": "Not Available",
        "strokemm": "Not Available",
        "strokein": "Not Available",
        "valvepercylinder": "4",
        "valve": "48",
        "powerhp": "555",
        "powerps": "563",
        "powerkw": "414",
        "powerrpm": "Not Available",
        "torquenm": "575",
        "torquelb": "424",
        "torquekgf": "59",
        "torquerpm": "Not Available",
        "ratio": "10",
        "fueltype": "Premium Unleaded(Required)",
        "drive": "Rear Wheel Drive",
        "ttype": "Automatic",
        "speedkph": "Not Available",
        "speedmph": "Not Available",
        "speed": "Not Available",
        "doors": "4",
        "seats": "Not Available",
        "weightkg": "5490",
        "weightlbs": "12103",
        "lengthmm": "Not Available",
        "lengthin": "Not Available",
        "widthmm": "Not Available",
        "widthin": "Not Available",
        "heightmm": "Not Available",
        "heightin": "Not Available",
        "wheelbasemm": "Not Available",
        "wheelbasein": "Not Available",
        "fecitykm": "13.0",
        "fecitympg": "18",
        "fehwykm": "21.0",
        "fehwympg": "11",
        "femixedhm": "15.0",
        "femixedmpg": "16",
        "fcapacityl": "22",
        "fcapacityg": "5.8"
    },
    {
        "year": "2015",
        "make": "Mazada",
        "model": "CX-5",
        "origin": "Japan",
        "bstyle": "Sport Utility Vehicles",
        "excolor": "Red",
        "incolor": "Gray",
        "eloc": "Not Available",
        "etype": "Inline",
        "cylinder": "4",
        "discc": "2500",
        "disl": "2.5",
        "disci": "153",
        "boremm": "Not Available",
        "borein": "Not Available",
        "strokemm": "Not Available",
        "strokein": "Not Available",
        "valvepercylinder": "4",
        "valve": "48",
        "powerhp": "555",
        "powerps": "563",
        "powerkw": "414",
        "powerrpm": "Not Available",
        "torquenm": "575",
        "torquelb": "424",
        "torquekgf": "59",
        "torquerpm": "Not Available",
        "ratio": "10",
        "fueltype": "Premium Unleaded(Required)",
        "drive": "Rear Wheel Drive",
        "ttype": "Automatic",
        "speedkph": "Not Available",
        "speedmph": "Not Available",
        "speed": "Not Available",
        "doors": "4",
        "seats": "Not Available",
        "weightkg": "5490",
        "weightlbs": "12103",
        "lengthmm": "Not Available",
        "lengthin": "Not Available",
        "widthmm": "Not Available",
        "widthin": "Not Available",
        "heightmm": "Not Available",
        "heightin": "Not Available",
        "wheelbasemm": "Not Available",
        "wheelbasein": "Not Available",
        "fecitykm": "13.0",
        "fecitympg": "18",
        "fehwykm": "21.0",
        "fehwympg": "11",
        "femixedhm": "15.0",
        "femixedmpg": "16",
        "fcapacityl": "22",
        "fcapacityg": "5.8"
    }
]